-- Adminer 4.8.1 PostgreSQL 14.17 (Ubuntu 14.17-0ubuntu0.22.04.1) dump

DROP TABLE IF EXISTS "installments";
DROP SEQUENCE IF EXISTS installments_id_seq;
CREATE SEQUENCE installments_id_seq INCREMENT 1 MINVALUE 1 MAXVALUE 9223372036854775807 CACHE 1;

CREATE TABLE "public"."installments" (
    "id" bigint DEFAULT nextval('installments_id_seq') NOT NULL,
    "loan_id" bigint NOT NULL,
    "user_id" bigint NOT NULL,
    "sequence" bigint NOT NULL,
    "installment_amount" numeric(20,2) NOT NULL,
    "interest_amount" numeric(20,2) NOT NULL,
    "principal_amount" numeric(20,2) NOT NULL,
    "outstanding_amount" numeric(20,2) NOT NULL,
    "due_date" timestamptz NOT NULL,
    "paid_status" character varying(50) DEFAULT 'PENDING' NOT NULL,
    "paid_amount_installment" numeric(20,2) NOT NULL,
    "paid_amount_interest" numeric(20,2) NOT NULL,
    "paid_amount_principal" numeric(20,2) NOT NULL,
    "created_at" timestamptz,
    "updated_at" timestamptz,
    CONSTRAINT "installments_pkey" PRIMARY KEY ("id")
) WITH (oids = false);

INSERT INTO "installments" ("id", "loan_id", "user_id", "sequence", "installment_amount", "interest_amount", "principal_amount", "outstanding_amount", "due_date", "paid_status", "paid_amount_installment", "paid_amount_interest", "paid_amount_principal", "created_at", "updated_at") VALUES
(2,	1,	1,	2,	100491.15,	942.40,	99548.76,	4800921.63,	'2025-05-12 21:45:15.804+07',	'PENDING',	0.00,	0.00,	0.00,	'2025-04-28 21:45:15.804001+07',	'2025-04-28 21:45:15.804001+07'),
(3,	1,	1,	3,	100491.15,	923.25,	99567.90,	4701353.73,	'2025-05-19 21:45:15.804734+07',	'PENDING',	0.00,	0.00,	0.00,	'2025-04-28 21:45:15.804735+07',	'2025-04-28 21:45:15.804735+07'),
(4,	1,	1,	4,	100491.15,	904.11,	99587.05,	4601766.68,	'2025-05-26 21:45:15.805536+07',	'PENDING',	0.00,	0.00,	0.00,	'2025-04-28 21:45:15.805537+07',	'2025-04-28 21:45:15.805537+07'),
(5,	1,	1,	5,	100491.15,	884.96,	99606.20,	4502160.48,	'2025-06-02 21:45:15.806604+07',	'PENDING',	0.00,	0.00,	0.00,	'2025-04-28 21:45:15.806605+07',	'2025-04-28 21:45:15.806605+07'),
(6,	1,	1,	6,	100491.15,	865.80,	99625.35,	4402535.12,	'2025-06-09 21:45:15.807733+07',	'PENDING',	0.00,	0.00,	0.00,	'2025-04-28 21:45:15.807733+07',	'2025-04-28 21:45:15.807733+07'),
(7,	1,	1,	7,	100491.15,	846.64,	99644.51,	4302890.61,	'2025-06-16 21:45:15.808451+07',	'PENDING',	0.00,	0.00,	0.00,	'2025-04-28 21:45:15.808451+07',	'2025-04-28 21:45:15.808452+07'),
(8,	1,	1,	8,	100491.15,	827.48,	99663.68,	4203226.94,	'2025-06-23 21:45:15.809071+07',	'PENDING',	0.00,	0.00,	0.00,	'2025-04-28 21:45:15.809072+07',	'2025-04-28 21:45:15.809072+07'),
(9,	1,	1,	9,	100491.15,	808.31,	99682.84,	4103544.09,	'2025-06-30 21:45:15.809956+07',	'PENDING',	0.00,	0.00,	0.00,	'2025-04-28 21:45:15.809956+07',	'2025-04-28 21:45:15.809956+07'),
(10,	1,	1,	10,	100491.15,	789.14,	99702.01,	4003842.08,	'2025-07-07 21:45:15.810627+07',	'PENDING',	0.00,	0.00,	0.00,	'2025-04-28 21:45:15.810628+07',	'2025-04-28 21:45:15.810628+07'),
(11,	1,	1,	11,	100491.15,	769.97,	99721.19,	3904120.90,	'2025-07-14 21:45:15.81133+07',	'PENDING',	0.00,	0.00,	0.00,	'2025-04-28 21:45:15.811331+07',	'2025-04-28 21:45:15.811331+07'),
(12,	1,	1,	12,	100491.15,	750.79,	99740.36,	3804380.53,	'2025-07-21 21:45:15.812036+07',	'PENDING',	0.00,	0.00,	0.00,	'2025-04-28 21:45:15.812037+07',	'2025-04-28 21:45:15.812037+07'),
(13,	1,	1,	13,	100491.15,	731.61,	99759.54,	3704620.99,	'2025-07-28 21:45:15.812835+07',	'PENDING',	0.00,	0.00,	0.00,	'2025-04-28 21:45:15.812835+07',	'2025-04-28 21:45:15.812835+07'),
(14,	1,	1,	14,	100491.15,	712.43,	99778.73,	3604842.26,	'2025-08-04 21:45:15.813519+07',	'PENDING',	0.00,	0.00,	0.00,	'2025-04-28 21:45:15.813519+07',	'2025-04-28 21:45:15.813519+07'),
(15,	1,	1,	15,	100491.15,	693.24,	99797.92,	3505044.35,	'2025-08-11 21:45:15.814166+07',	'PENDING',	0.00,	0.00,	0.00,	'2025-04-28 21:45:15.814167+07',	'2025-04-28 21:45:15.814167+07'),
(16,	1,	1,	16,	100491.15,	674.05,	99817.11,	3405227.24,	'2025-08-18 21:45:15.814829+07',	'PENDING',	0.00,	0.00,	0.00,	'2025-04-28 21:45:15.814829+07',	'2025-04-28 21:45:15.81483+07'),
(17,	1,	1,	17,	100491.15,	654.85,	99836.30,	3305390.94,	'2025-08-25 21:45:15.815563+07',	'PENDING',	0.00,	0.00,	0.00,	'2025-04-28 21:45:15.815564+07',	'2025-04-28 21:45:15.815564+07'),
(18,	1,	1,	18,	100491.15,	635.65,	99855.50,	3205535.43,	'2025-09-01 21:45:15.816308+07',	'PENDING',	0.00,	0.00,	0.00,	'2025-04-28 21:45:15.816308+07',	'2025-04-28 21:45:15.816308+07'),
(19,	1,	1,	19,	100491.15,	616.45,	99874.71,	3105660.73,	'2025-09-08 21:45:15.81697+07',	'PENDING',	0.00,	0.00,	0.00,	'2025-04-28 21:45:15.81697+07',	'2025-04-28 21:45:15.81697+07'),
(20,	1,	1,	20,	100491.15,	597.24,	99893.91,	3005766.82,	'2025-09-15 21:45:15.817615+07',	'PENDING',	0.00,	0.00,	0.00,	'2025-04-28 21:45:15.817615+07',	'2025-04-28 21:45:15.817615+07'),
(21,	1,	1,	21,	100491.15,	578.03,	99913.12,	2905853.69,	'2025-09-22 21:45:15.818242+07',	'PENDING',	0.00,	0.00,	0.00,	'2025-04-28 21:45:15.818242+07',	'2025-04-28 21:45:15.818242+07'),
(22,	1,	1,	22,	100491.15,	558.82,	99932.34,	2805921.36,	'2025-09-29 21:45:15.818875+07',	'PENDING',	0.00,	0.00,	0.00,	'2025-04-28 21:45:15.818875+07',	'2025-04-28 21:45:15.818875+07'),
(23,	1,	1,	23,	100491.15,	539.60,	99951.55,	2705969.80,	'2025-10-06 21:45:15.819518+07',	'PENDING',	0.00,	0.00,	0.00,	'2025-04-28 21:45:15.819519+07',	'2025-04-28 21:45:15.819519+07'),
(24,	1,	1,	24,	100491.15,	520.38,	99970.78,	2605999.03,	'2025-10-13 21:45:15.820278+07',	'PENDING',	0.00,	0.00,	0.00,	'2025-04-28 21:45:15.820279+07',	'2025-04-28 21:45:15.820279+07'),
(25,	1,	1,	25,	100491.15,	501.15,	99990.00,	2506009.03,	'2025-10-20 21:45:15.820963+07',	'PENDING',	0.00,	0.00,	0.00,	'2025-04-28 21:45:15.820963+07',	'2025-04-28 21:45:15.820963+07'),
(26,	1,	1,	26,	100491.15,	481.92,	100009.23,	2405999.80,	'2025-10-27 21:45:15.821608+07',	'PENDING',	0.00,	0.00,	0.00,	'2025-04-28 21:45:15.821608+07',	'2025-04-28 21:45:15.821608+07'),
(27,	1,	1,	27,	100491.15,	462.69,	100028.46,	2305971.33,	'2025-11-03 21:45:15.822251+07',	'PENDING',	0.00,	0.00,	0.00,	'2025-04-28 21:45:15.822251+07',	'2025-04-28 21:45:15.822251+07'),
(28,	1,	1,	28,	100491.15,	443.46,	100047.70,	2205923.64,	'2025-11-10 21:45:15.82295+07',	'PENDING',	0.00,	0.00,	0.00,	'2025-04-28 21:45:15.822951+07',	'2025-04-28 21:45:15.822951+07'),
(29,	1,	1,	29,	100491.15,	424.22,	100066.94,	2105856.70,	'2025-11-17 21:45:15.823839+07',	'PENDING',	0.00,	0.00,	0.00,	'2025-04-28 21:45:15.82384+07',	'2025-04-28 21:45:15.82384+07'),
(30,	1,	1,	30,	100491.15,	404.97,	100086.18,	2005770.51,	'2025-11-24 21:45:15.824585+07',	'PENDING',	0.00,	0.00,	0.00,	'2025-04-28 21:45:15.824585+07',	'2025-04-28 21:45:15.824585+07'),
(31,	1,	1,	31,	100491.15,	385.73,	100105.43,	1905665.08,	'2025-12-01 21:45:15.8252+07',	'PENDING',	0.00,	0.00,	0.00,	'2025-04-28 21:45:15.8252+07',	'2025-04-28 21:45:15.8252+07'),
(32,	1,	1,	32,	100491.15,	366.47,	100124.68,	1805540.40,	'2025-12-08 21:45:15.825871+07',	'PENDING',	0.00,	0.00,	0.00,	'2025-04-28 21:45:15.825872+07',	'2025-04-28 21:45:15.825872+07'),
(33,	1,	1,	33,	100491.15,	347.22,	100143.94,	1705396.47,	'2025-12-15 21:45:15.826492+07',	'PENDING',	0.00,	0.00,	0.00,	'2025-04-28 21:45:15.826492+07',	'2025-04-28 21:45:15.826492+07'),
(34,	1,	1,	34,	100491.15,	327.96,	100163.19,	1605233.27,	'2025-12-22 21:45:15.827159+07',	'PENDING',	0.00,	0.00,	0.00,	'2025-04-28 21:45:15.82716+07',	'2025-04-28 21:45:15.82716+07'),
(35,	1,	1,	35,	100491.15,	308.70,	100182.46,	1505050.82,	'2025-12-29 21:45:15.827895+07',	'PENDING',	0.00,	0.00,	0.00,	'2025-04-28 21:45:15.827895+07',	'2025-04-28 21:45:15.827895+07'),
(36,	1,	1,	36,	100491.15,	289.43,	100201.72,	1404849.10,	'2026-01-05 21:45:15.828738+07',	'PENDING',	0.00,	0.00,	0.00,	'2025-04-28 21:45:15.828738+07',	'2025-04-28 21:45:15.828738+07'),
(37,	1,	1,	37,	100491.15,	270.16,	100220.99,	1304628.11,	'2026-01-12 21:45:15.829563+07',	'PENDING',	0.00,	0.00,	0.00,	'2025-04-28 21:45:15.829563+07',	'2025-04-28 21:45:15.829563+07'),
(38,	1,	1,	38,	100491.15,	250.89,	100240.26,	1204387.84,	'2026-01-19 21:45:15.830836+07',	'PENDING',	0.00,	0.00,	0.00,	'2025-04-28 21:45:15.830837+07',	'2025-04-28 21:45:15.830837+07'),
(39,	1,	1,	39,	100491.15,	231.61,	100259.54,	1104128.30,	'2026-01-26 21:45:15.831649+07',	'PENDING',	0.00,	0.00,	0.00,	'2025-04-28 21:45:15.83165+07',	'2025-04-28 21:45:15.83165+07'),
(40,	1,	1,	40,	100491.15,	212.33,	100278.82,	1003849.48,	'2026-02-02 21:45:15.832327+07',	'PENDING',	0.00,	0.00,	0.00,	'2025-04-28 21:45:15.832327+07',	'2025-04-28 21:45:15.832327+07'),
(41,	1,	1,	41,	100491.15,	193.05,	100298.11,	903551.37,	'2026-02-09 21:45:15.833071+07',	'PENDING',	0.00,	0.00,	0.00,	'2025-04-28 21:45:15.833071+07',	'2025-04-28 21:45:15.833071+07'),
(42,	1,	1,	42,	100491.15,	173.76,	100317.39,	803233.98,	'2026-02-16 21:45:15.833814+07',	'PENDING',	0.00,	0.00,	0.00,	'2025-04-28 21:45:15.833815+07',	'2025-04-28 21:45:15.833815+07'),
(43,	1,	1,	43,	100491.15,	154.47,	100336.69,	702897.29,	'2026-02-23 21:45:15.834457+07',	'PENDING',	0.00,	0.00,	0.00,	'2025-04-28 21:45:15.834457+07',	'2025-04-28 21:45:15.834457+07'),
(44,	1,	1,	44,	100491.15,	135.17,	100355.98,	602541.31,	'2026-03-02 21:45:15.835049+07',	'PENDING',	0.00,	0.00,	0.00,	'2025-04-28 21:45:15.835049+07',	'2025-04-28 21:45:15.835049+07'),
(45,	1,	1,	45,	100491.15,	115.87,	100375.28,	502166.03,	'2026-03-09 21:45:15.835986+07',	'PENDING',	0.00,	0.00,	0.00,	'2025-04-28 21:45:15.835987+07',	'2025-04-28 21:45:15.835987+07'),
(46,	1,	1,	46,	100491.15,	96.57,	100394.58,	401771.44,	'2026-03-16 21:45:15.83696+07',	'PENDING',	0.00,	0.00,	0.00,	'2025-04-28 21:45:15.836961+07',	'2025-04-28 21:45:15.836961+07'),
(47,	1,	1,	47,	100491.15,	77.26,	100413.89,	301357.55,	'2026-03-23 21:45:15.83772+07',	'PENDING',	0.00,	0.00,	0.00,	'2025-04-28 21:45:15.83772+07',	'2025-04-28 21:45:15.83772+07'),
(48,	1,	1,	48,	100491.15,	57.95,	100433.20,	200924.35,	'2026-03-30 21:45:15.838352+07',	'PENDING',	0.00,	0.00,	0.00,	'2025-04-28 21:45:15.838352+07',	'2025-04-28 21:45:15.838352+07'),
(49,	1,	1,	49,	100491.15,	38.64,	100452.52,	100471.83,	'2026-04-06 21:45:15.839015+07',	'PENDING',	0.00,	0.00,	0.00,	'2025-04-28 21:45:15.839015+07',	'2025-04-28 21:45:15.839015+07'),
(50,	1,	1,	50,	100491.15,	19.32,	100471.83,	0.00,	'2026-04-13 21:45:15.839647+07',	'PENDING',	0.00,	0.00,	0.00,	'2025-04-28 21:45:15.839647+07',	'2025-04-28 21:45:15.839647+07'),
(1,	1,	1,	1,	100491.15,	961.54,	99529.62,	4900470.38,	'2025-05-05 21:45:15.802944+07',	'PENDING',	10000.00,	95.68,	9904.32,	'2025-04-28 21:45:15.802944+07',	'2025-04-28 22:06:32.939639+07'),
(61,	3,	2,	1,	100491.15,	961.54,	99529.62,	4900470.38,	'2025-05-05 23:03:09.347734+07',	'PAID',	100491.15,	961.54,	99529.62,	'2025-04-28 23:03:09.347736+07',	'2025-04-28 23:03:53.591764+07'),
(62,	3,	2,	2,	100491.15,	942.40,	99548.76,	4800921.63,	'2025-05-12 23:03:09.347734+07',	'PAID',	100491.15,	942.40,	99548.76,	'2025-04-28 23:03:09.348156+07',	'2025-04-28 23:03:53.592887+07'),
(63,	3,	2,	3,	100491.15,	923.25,	99567.90,	4701353.73,	'2025-05-19 23:03:09.347734+07',	'PAID',	100491.15,	923.25,	99567.90,	'2025-04-28 23:03:09.348386+07',	'2025-04-28 23:03:53.593705+07'),
(64,	3,	2,	4,	100491.15,	904.11,	99587.05,	4601766.68,	'2025-05-26 23:03:09.347734+07',	'PAID',	100491.15,	904.11,	99587.05,	'2025-04-28 23:03:09.348567+07',	'2025-04-28 23:03:53.594487+07'),
(65,	3,	2,	5,	100491.15,	884.96,	99606.20,	4502160.48,	'2025-06-02 23:03:09.347734+07',	'PAID',	100491.15,	884.96,	99606.20,	'2025-04-28 23:03:09.348707+07',	'2025-04-28 23:03:53.595279+07'),
(66,	3,	2,	6,	100491.15,	865.80,	99625.35,	4402535.12,	'2025-06-09 23:03:09.347734+07',	'PAID',	100491.15,	865.80,	99625.35,	'2025-04-28 23:03:09.348961+07',	'2025-04-28 23:03:53.596067+07'),
(67,	3,	2,	7,	100491.15,	846.64,	99644.51,	4302890.61,	'2025-06-16 23:03:09.347734+07',	'PAID',	100491.15,	846.64,	99644.51,	'2025-04-28 23:03:09.349201+07',	'2025-04-28 23:03:53.596742+07'),
(68,	3,	2,	8,	100491.15,	827.48,	99663.68,	4203226.94,	'2025-06-23 23:03:09.347734+07',	'PAID',	100491.15,	827.48,	99663.68,	'2025-04-28 23:03:09.349313+07',	'2025-04-28 23:03:53.597513+07'),
(69,	3,	2,	9,	100491.15,	808.31,	99682.84,	4103544.09,	'2025-06-30 23:03:09.347734+07',	'PAID',	100491.15,	808.31,	99682.84,	'2025-04-28 23:03:09.349561+07',	'2025-04-28 23:03:53.598351+07'),
(70,	3,	2,	10,	100491.15,	789.14,	99702.01,	4003842.08,	'2025-07-07 23:03:09.347734+07',	'PENDING',	95579.60,	750.57,	94829.03,	'2025-04-28 23:03:09.34985+07',	'2025-04-28 23:03:53.599081+07'),
(51,	2,	2,	1,	20021.16,	38.46,	19982.70,	180017.30,	'2025-04-04 21:45:49.991773+07',	'PENDING',	0.00,	0.00,	0.00,	'2025-04-28 21:45:49.994312+07',	'2025-04-28 21:45:49.994312+07'),
(52,	2,	2,	2,	20021.16,	34.62,	19986.54,	160030.76,	'2025-04-11 21:45:49.991773+07',	'PENDING',	0.00,	0.00,	0.00,	'2025-04-28 21:45:49.995094+07',	'2025-04-28 21:45:49.995094+07'),
(53,	2,	2,	3,	20021.16,	30.78,	19990.38,	140040.38,	'2025-04-18 21:45:49.991773+07',	'PENDING',	0.00,	0.00,	0.00,	'2025-04-28 21:45:49.995769+07',	'2025-04-28 21:45:49.995769+07'),
(54,	2,	2,	4,	20021.16,	26.93,	19994.23,	120046.15,	'2025-04-25 21:45:49.991773+07',	'PENDING',	0.00,	0.00,	0.00,	'2025-04-28 21:45:49.996468+07',	'2025-04-28 21:45:49.996468+07'),
(55,	2,	2,	5,	20021.16,	23.09,	19998.07,	100048.07,	'2025-05-02 21:45:49.991773+07',	'PENDING',	0.00,	0.00,	0.00,	'2025-04-28 21:45:49.997425+07',	'2025-04-28 21:45:49.997425+07'),
(56,	2,	2,	6,	20021.16,	19.24,	20001.92,	80046.15,	'2025-05-09 21:45:49.991773+07',	'PENDING',	0.00,	0.00,	0.00,	'2025-04-28 21:45:49.998295+07',	'2025-04-28 21:45:49.998295+07'),
(57,	2,	2,	7,	20021.16,	15.39,	20005.77,	60040.39,	'2025-05-16 21:45:49.991773+07',	'PENDING',	0.00,	0.00,	0.00,	'2025-04-28 21:45:49.999951+07',	'2025-04-28 21:45:49.999951+07'),
(58,	2,	2,	8,	20021.16,	11.55,	20009.61,	40030.77,	'2025-05-23 21:45:49.991773+07',	'PENDING',	0.00,	0.00,	0.00,	'2025-04-28 21:45:50.000737+07',	'2025-04-28 21:45:50.000737+07'),
(59,	2,	2,	9,	20021.16,	7.70,	20013.46,	20017.31,	'2025-05-30 21:45:49.991773+07',	'PENDING',	0.00,	0.00,	0.00,	'2025-04-28 21:45:50.001431+07',	'2025-04-28 21:45:50.001431+07'),
(60,	2,	2,	10,	20021.16,	3.85,	20017.31,	0.00,	'2025-06-06 21:45:49.991773+07',	'PENDING',	0.00,	0.00,	0.00,	'2025-04-28 21:45:50.002464+07',	'2025-04-28 21:45:50.002464+07'),
(71,	3,	2,	11,	100491.15,	769.97,	99721.19,	3904120.90,	'2025-07-14 23:03:09.347734+07',	'PENDING',	0.00,	0.00,	0.00,	'2025-04-28 23:03:09.350071+07',	'2025-04-28 23:03:09.350071+07'),
(72,	3,	2,	12,	100491.15,	750.79,	99740.36,	3804380.53,	'2025-07-21 23:03:09.347734+07',	'PENDING',	0.00,	0.00,	0.00,	'2025-04-28 23:03:09.350441+07',	'2025-04-28 23:03:09.350441+07'),
(73,	3,	2,	13,	100491.15,	731.61,	99759.54,	3704620.99,	'2025-07-28 23:03:09.347734+07',	'PENDING',	0.00,	0.00,	0.00,	'2025-04-28 23:03:09.350868+07',	'2025-04-28 23:03:09.350869+07'),
(74,	3,	2,	14,	100491.15,	712.43,	99778.73,	3604842.26,	'2025-08-04 23:03:09.347734+07',	'PENDING',	0.00,	0.00,	0.00,	'2025-04-28 23:03:09.351076+07',	'2025-04-28 23:03:09.351076+07'),
(75,	3,	2,	15,	100491.15,	693.24,	99797.92,	3505044.35,	'2025-08-11 23:03:09.347734+07',	'PENDING',	0.00,	0.00,	0.00,	'2025-04-28 23:03:09.351302+07',	'2025-04-28 23:03:09.351302+07'),
(76,	3,	2,	16,	100491.15,	674.05,	99817.11,	3405227.24,	'2025-08-18 23:03:09.347734+07',	'PENDING',	0.00,	0.00,	0.00,	'2025-04-28 23:03:09.351479+07',	'2025-04-28 23:03:09.351479+07'),
(77,	3,	2,	17,	100491.15,	654.85,	99836.30,	3305390.94,	'2025-08-25 23:03:09.347734+07',	'PENDING',	0.00,	0.00,	0.00,	'2025-04-28 23:03:09.351574+07',	'2025-04-28 23:03:09.351574+07'),
(78,	3,	2,	18,	100491.15,	635.65,	99855.50,	3205535.43,	'2025-09-01 23:03:09.347734+07',	'PENDING',	0.00,	0.00,	0.00,	'2025-04-28 23:03:09.35176+07',	'2025-04-28 23:03:09.35176+07'),
(79,	3,	2,	19,	100491.15,	616.45,	99874.71,	3105660.73,	'2025-09-08 23:03:09.347734+07',	'PENDING',	0.00,	0.00,	0.00,	'2025-04-28 23:03:09.351966+07',	'2025-04-28 23:03:09.351966+07'),
(80,	3,	2,	20,	100491.15,	597.24,	99893.91,	3005766.82,	'2025-09-15 23:03:09.347734+07',	'PENDING',	0.00,	0.00,	0.00,	'2025-04-28 23:03:09.352123+07',	'2025-04-28 23:03:09.352123+07'),
(81,	3,	2,	21,	100491.15,	578.03,	99913.12,	2905853.69,	'2025-09-22 23:03:09.347734+07',	'PENDING',	0.00,	0.00,	0.00,	'2025-04-28 23:03:09.352346+07',	'2025-04-28 23:03:09.352346+07'),
(82,	3,	2,	22,	100491.15,	558.82,	99932.34,	2805921.36,	'2025-09-29 23:03:09.347734+07',	'PENDING',	0.00,	0.00,	0.00,	'2025-04-28 23:03:09.352635+07',	'2025-04-28 23:03:09.352636+07'),
(83,	3,	2,	23,	100491.15,	539.60,	99951.55,	2705969.80,	'2025-10-06 23:03:09.347734+07',	'PENDING',	0.00,	0.00,	0.00,	'2025-04-28 23:03:09.352771+07',	'2025-04-28 23:03:09.352771+07'),
(84,	3,	2,	24,	100491.15,	520.38,	99970.78,	2605999.03,	'2025-10-13 23:03:09.347734+07',	'PENDING',	0.00,	0.00,	0.00,	'2025-04-28 23:03:09.352846+07',	'2025-04-28 23:03:09.352846+07'),
(85,	3,	2,	25,	100491.15,	501.15,	99990.00,	2506009.03,	'2025-10-20 23:03:09.347734+07',	'PENDING',	0.00,	0.00,	0.00,	'2025-04-28 23:03:09.352993+07',	'2025-04-28 23:03:09.352993+07'),
(86,	3,	2,	26,	100491.15,	481.92,	100009.23,	2405999.80,	'2025-10-27 23:03:09.347734+07',	'PENDING',	0.00,	0.00,	0.00,	'2025-04-28 23:03:09.353227+07',	'2025-04-28 23:03:09.353227+07'),
(87,	3,	2,	27,	100491.15,	462.69,	100028.46,	2305971.33,	'2025-11-03 23:03:09.347734+07',	'PENDING',	0.00,	0.00,	0.00,	'2025-04-28 23:03:09.353354+07',	'2025-04-28 23:03:09.353354+07'),
(88,	3,	2,	28,	100491.15,	443.46,	100047.70,	2205923.64,	'2025-11-10 23:03:09.347734+07',	'PENDING',	0.00,	0.00,	0.00,	'2025-04-28 23:03:09.353461+07',	'2025-04-28 23:03:09.353461+07'),
(89,	3,	2,	29,	100491.15,	424.22,	100066.94,	2105856.70,	'2025-11-17 23:03:09.347734+07',	'PENDING',	0.00,	0.00,	0.00,	'2025-04-28 23:03:09.353601+07',	'2025-04-28 23:03:09.353601+07'),
(90,	3,	2,	30,	100491.15,	404.97,	100086.18,	2005770.51,	'2025-11-24 23:03:09.347734+07',	'PENDING',	0.00,	0.00,	0.00,	'2025-04-28 23:03:09.353741+07',	'2025-04-28 23:03:09.353741+07'),
(91,	3,	2,	31,	100491.15,	385.73,	100105.43,	1905665.08,	'2025-12-01 23:03:09.347734+07',	'PENDING',	0.00,	0.00,	0.00,	'2025-04-28 23:03:09.353846+07',	'2025-04-28 23:03:09.353846+07'),
(92,	3,	2,	32,	100491.15,	366.47,	100124.68,	1805540.40,	'2025-12-08 23:03:09.347734+07',	'PENDING',	0.00,	0.00,	0.00,	'2025-04-28 23:03:09.353969+07',	'2025-04-28 23:03:09.353969+07'),
(93,	3,	2,	33,	100491.15,	347.22,	100143.94,	1705396.47,	'2025-12-15 23:03:09.347734+07',	'PENDING',	0.00,	0.00,	0.00,	'2025-04-28 23:03:09.354141+07',	'2025-04-28 23:03:09.354141+07'),
(94,	3,	2,	34,	100491.15,	327.96,	100163.19,	1605233.27,	'2025-12-22 23:03:09.347734+07',	'PENDING',	0.00,	0.00,	0.00,	'2025-04-28 23:03:09.354336+07',	'2025-04-28 23:03:09.354336+07'),
(95,	3,	2,	35,	100491.15,	308.70,	100182.46,	1505050.82,	'2025-12-29 23:03:09.347734+07',	'PENDING',	0.00,	0.00,	0.00,	'2025-04-28 23:03:09.354462+07',	'2025-04-28 23:03:09.354462+07'),
(96,	3,	2,	36,	100491.15,	289.43,	100201.72,	1404849.10,	'2026-01-05 23:03:09.347734+07',	'PENDING',	0.00,	0.00,	0.00,	'2025-04-28 23:03:09.354583+07',	'2025-04-28 23:03:09.354583+07'),
(97,	3,	2,	37,	100491.15,	270.16,	100220.99,	1304628.11,	'2026-01-12 23:03:09.347734+07',	'PENDING',	0.00,	0.00,	0.00,	'2025-04-28 23:03:09.354722+07',	'2025-04-28 23:03:09.354722+07'),
(98,	3,	2,	38,	100491.15,	250.89,	100240.26,	1204387.84,	'2026-01-19 23:03:09.347734+07',	'PENDING',	0.00,	0.00,	0.00,	'2025-04-28 23:03:09.354953+07',	'2025-04-28 23:03:09.354953+07'),
(99,	3,	2,	39,	100491.15,	231.61,	100259.54,	1104128.30,	'2026-01-26 23:03:09.347734+07',	'PENDING',	0.00,	0.00,	0.00,	'2025-04-28 23:03:09.35532+07',	'2025-04-28 23:03:09.35532+07'),
(100,	3,	2,	40,	100491.15,	212.33,	100278.82,	1003849.48,	'2026-02-02 23:03:09.347734+07',	'PENDING',	0.00,	0.00,	0.00,	'2025-04-28 23:03:09.355586+07',	'2025-04-28 23:03:09.355586+07'),
(101,	3,	2,	41,	100491.15,	193.05,	100298.11,	903551.37,	'2026-02-09 23:03:09.347734+07',	'PENDING',	0.00,	0.00,	0.00,	'2025-04-28 23:03:09.355799+07',	'2025-04-28 23:03:09.355799+07'),
(102,	3,	2,	42,	100491.15,	173.76,	100317.39,	803233.98,	'2026-02-16 23:03:09.347734+07',	'PENDING',	0.00,	0.00,	0.00,	'2025-04-28 23:03:09.35608+07',	'2025-04-28 23:03:09.356081+07'),
(103,	3,	2,	43,	100491.15,	154.47,	100336.69,	702897.29,	'2026-02-23 23:03:09.347734+07',	'PENDING',	0.00,	0.00,	0.00,	'2025-04-28 23:03:09.356297+07',	'2025-04-28 23:03:09.356297+07'),
(104,	3,	2,	44,	100491.15,	135.17,	100355.98,	602541.31,	'2026-03-02 23:03:09.347734+07',	'PENDING',	0.00,	0.00,	0.00,	'2025-04-28 23:03:09.356593+07',	'2025-04-28 23:03:09.356593+07'),
(105,	3,	2,	45,	100491.15,	115.87,	100375.28,	502166.03,	'2026-03-09 23:03:09.347734+07',	'PENDING',	0.00,	0.00,	0.00,	'2025-04-28 23:03:09.356738+07',	'2025-04-28 23:03:09.356738+07'),
(106,	3,	2,	46,	100491.15,	96.57,	100394.58,	401771.44,	'2026-03-16 23:03:09.347734+07',	'PENDING',	0.00,	0.00,	0.00,	'2025-04-28 23:03:09.356844+07',	'2025-04-28 23:03:09.356844+07'),
(107,	3,	2,	47,	100491.15,	77.26,	100413.89,	301357.55,	'2026-03-23 23:03:09.347734+07',	'PENDING',	0.00,	0.00,	0.00,	'2025-04-28 23:03:09.356986+07',	'2025-04-28 23:03:09.356986+07'),
(108,	3,	2,	48,	100491.15,	57.95,	100433.20,	200924.35,	'2026-03-30 23:03:09.347734+07',	'PENDING',	0.00,	0.00,	0.00,	'2025-04-28 23:03:09.357116+07',	'2025-04-28 23:03:09.357116+07'),
(109,	3,	2,	49,	100491.15,	38.64,	100452.52,	100471.83,	'2026-04-06 23:03:09.347734+07',	'PENDING',	0.00,	0.00,	0.00,	'2025-04-28 23:03:09.357217+07',	'2025-04-28 23:03:09.357217+07'),
(110,	3,	2,	50,	100491.15,	19.32,	100471.83,	0.00,	'2026-04-13 23:03:09.347734+07',	'PENDING',	0.00,	0.00,	0.00,	'2025-04-28 23:03:09.357281+07',	'2025-04-28 23:03:09.357281+07'),
(111,	4,	2,	1,	100491.15,	961.54,	99529.62,	4900470.38,	'2025-05-05 23:09:24.187159+07',	'PENDING',	0.00,	0.00,	0.00,	'2025-04-28 23:09:24.187161+07',	'2025-04-28 23:09:24.187161+07'),
(112,	4,	2,	2,	100491.15,	942.40,	99548.76,	4800921.63,	'2025-05-12 23:09:24.187159+07',	'PENDING',	0.00,	0.00,	0.00,	'2025-04-28 23:09:24.187464+07',	'2025-04-28 23:09:24.187464+07'),
(113,	4,	2,	3,	100491.15,	923.25,	99567.90,	4701353.73,	'2025-05-19 23:09:24.187159+07',	'PENDING',	0.00,	0.00,	0.00,	'2025-04-28 23:09:24.187626+07',	'2025-04-28 23:09:24.187626+07'),
(114,	4,	2,	4,	100491.15,	904.11,	99587.05,	4601766.68,	'2025-05-26 23:09:24.187159+07',	'PENDING',	0.00,	0.00,	0.00,	'2025-04-28 23:09:24.187758+07',	'2025-04-28 23:09:24.187758+07'),
(115,	4,	2,	5,	100491.15,	884.96,	99606.20,	4502160.48,	'2025-06-02 23:09:24.187159+07',	'PENDING',	0.00,	0.00,	0.00,	'2025-04-28 23:09:24.187885+07',	'2025-04-28 23:09:24.187885+07'),
(116,	4,	2,	6,	100491.15,	865.80,	99625.35,	4402535.12,	'2025-06-09 23:09:24.187159+07',	'PENDING',	0.00,	0.00,	0.00,	'2025-04-28 23:09:24.188003+07',	'2025-04-28 23:09:24.188003+07'),
(117,	4,	2,	7,	100491.15,	846.64,	99644.51,	4302890.61,	'2025-06-16 23:09:24.187159+07',	'PENDING',	0.00,	0.00,	0.00,	'2025-04-28 23:09:24.188133+07',	'2025-04-28 23:09:24.188133+07'),
(118,	4,	2,	8,	100491.15,	827.48,	99663.68,	4203226.94,	'2025-06-23 23:09:24.187159+07',	'PENDING',	0.00,	0.00,	0.00,	'2025-04-28 23:09:24.188242+07',	'2025-04-28 23:09:24.188242+07'),
(119,	4,	2,	9,	100491.15,	808.31,	99682.84,	4103544.09,	'2025-06-30 23:09:24.187159+07',	'PENDING',	0.00,	0.00,	0.00,	'2025-04-28 23:09:24.188352+07',	'2025-04-28 23:09:24.188352+07'),
(120,	4,	2,	10,	100491.15,	789.14,	99702.01,	4003842.08,	'2025-07-07 23:09:24.187159+07',	'PENDING',	0.00,	0.00,	0.00,	'2025-04-28 23:09:24.188488+07',	'2025-04-28 23:09:24.188488+07'),
(121,	4,	2,	11,	100491.15,	769.97,	99721.19,	3904120.90,	'2025-07-14 23:09:24.187159+07',	'PENDING',	0.00,	0.00,	0.00,	'2025-04-28 23:09:24.188621+07',	'2025-04-28 23:09:24.188622+07'),
(122,	4,	2,	12,	100491.15,	750.79,	99740.36,	3804380.53,	'2025-07-21 23:09:24.187159+07',	'PENDING',	0.00,	0.00,	0.00,	'2025-04-28 23:09:24.188756+07',	'2025-04-28 23:09:24.188756+07'),
(123,	4,	2,	13,	100491.15,	731.61,	99759.54,	3704620.99,	'2025-07-28 23:09:24.187159+07',	'PENDING',	0.00,	0.00,	0.00,	'2025-04-28 23:09:24.188886+07',	'2025-04-28 23:09:24.188886+07'),
(124,	4,	2,	14,	100491.15,	712.43,	99778.73,	3604842.26,	'2025-08-04 23:09:24.187159+07',	'PENDING',	0.00,	0.00,	0.00,	'2025-04-28 23:09:24.189038+07',	'2025-04-28 23:09:24.189038+07'),
(125,	4,	2,	15,	100491.15,	693.24,	99797.92,	3505044.35,	'2025-08-11 23:09:24.187159+07',	'PENDING',	0.00,	0.00,	0.00,	'2025-04-28 23:09:24.18921+07',	'2025-04-28 23:09:24.18921+07'),
(126,	4,	2,	16,	100491.15,	674.05,	99817.11,	3405227.24,	'2025-08-18 23:09:24.187159+07',	'PENDING',	0.00,	0.00,	0.00,	'2025-04-28 23:09:24.189341+07',	'2025-04-28 23:09:24.189341+07'),
(127,	4,	2,	17,	100491.15,	654.85,	99836.30,	3305390.94,	'2025-08-25 23:09:24.187159+07',	'PENDING',	0.00,	0.00,	0.00,	'2025-04-28 23:09:24.189474+07',	'2025-04-28 23:09:24.189474+07'),
(128,	4,	2,	18,	100491.15,	635.65,	99855.50,	3205535.43,	'2025-09-01 23:09:24.187159+07',	'PENDING',	0.00,	0.00,	0.00,	'2025-04-28 23:09:24.189696+07',	'2025-04-28 23:09:24.189696+07'),
(129,	4,	2,	19,	100491.15,	616.45,	99874.71,	3105660.73,	'2025-09-08 23:09:24.187159+07',	'PENDING',	0.00,	0.00,	0.00,	'2025-04-28 23:09:24.189889+07',	'2025-04-28 23:09:24.189889+07'),
(130,	4,	2,	20,	100491.15,	597.24,	99893.91,	3005766.82,	'2025-09-15 23:09:24.187159+07',	'PENDING',	0.00,	0.00,	0.00,	'2025-04-28 23:09:24.190022+07',	'2025-04-28 23:09:24.190022+07'),
(131,	4,	2,	21,	100491.15,	578.03,	99913.12,	2905853.69,	'2025-09-22 23:09:24.187159+07',	'PENDING',	0.00,	0.00,	0.00,	'2025-04-28 23:09:24.190157+07',	'2025-04-28 23:09:24.190157+07'),
(132,	4,	2,	22,	100491.15,	558.82,	99932.34,	2805921.36,	'2025-09-29 23:09:24.187159+07',	'PENDING',	0.00,	0.00,	0.00,	'2025-04-28 23:09:24.190278+07',	'2025-04-28 23:09:24.190278+07'),
(133,	4,	2,	23,	100491.15,	539.60,	99951.55,	2705969.80,	'2025-10-06 23:09:24.187159+07',	'PENDING',	0.00,	0.00,	0.00,	'2025-04-28 23:09:24.190383+07',	'2025-04-28 23:09:24.190383+07'),
(134,	4,	2,	24,	100491.15,	520.38,	99970.78,	2605999.03,	'2025-10-13 23:09:24.187159+07',	'PENDING',	0.00,	0.00,	0.00,	'2025-04-28 23:09:24.190498+07',	'2025-04-28 23:09:24.190498+07'),
(135,	4,	2,	25,	100491.15,	501.15,	99990.00,	2506009.03,	'2025-10-20 23:09:24.187159+07',	'PENDING',	0.00,	0.00,	0.00,	'2025-04-28 23:09:24.190609+07',	'2025-04-28 23:09:24.190609+07'),
(136,	4,	2,	26,	100491.15,	481.92,	100009.23,	2405999.80,	'2025-10-27 23:09:24.187159+07',	'PENDING',	0.00,	0.00,	0.00,	'2025-04-28 23:09:24.190891+07',	'2025-04-28 23:09:24.190891+07'),
(137,	4,	2,	27,	100491.15,	462.69,	100028.46,	2305971.33,	'2025-11-03 23:09:24.187159+07',	'PENDING',	0.00,	0.00,	0.00,	'2025-04-28 23:09:24.191205+07',	'2025-04-28 23:09:24.191205+07'),
(138,	4,	2,	28,	100491.15,	443.46,	100047.70,	2205923.64,	'2025-11-10 23:09:24.187159+07',	'PENDING',	0.00,	0.00,	0.00,	'2025-04-28 23:09:24.191342+07',	'2025-04-28 23:09:24.191342+07'),
(139,	4,	2,	29,	100491.15,	424.22,	100066.94,	2105856.70,	'2025-11-17 23:09:24.187159+07',	'PENDING',	0.00,	0.00,	0.00,	'2025-04-28 23:09:24.191579+07',	'2025-04-28 23:09:24.191579+07'),
(140,	4,	2,	30,	100491.15,	404.97,	100086.18,	2005770.51,	'2025-11-24 23:09:24.187159+07',	'PENDING',	0.00,	0.00,	0.00,	'2025-04-28 23:09:24.191707+07',	'2025-04-28 23:09:24.191707+07'),
(141,	4,	2,	31,	100491.15,	385.73,	100105.43,	1905665.08,	'2025-12-01 23:09:24.187159+07',	'PENDING',	0.00,	0.00,	0.00,	'2025-04-28 23:09:24.192252+07',	'2025-04-28 23:09:24.192252+07'),
(142,	4,	2,	32,	100491.15,	366.47,	100124.68,	1805540.40,	'2025-12-08 23:09:24.187159+07',	'PENDING',	0.00,	0.00,	0.00,	'2025-04-28 23:09:24.19236+07',	'2025-04-28 23:09:24.19236+07'),
(143,	4,	2,	33,	100491.15,	347.22,	100143.94,	1705396.47,	'2025-12-15 23:09:24.187159+07',	'PENDING',	0.00,	0.00,	0.00,	'2025-04-28 23:09:24.192426+07',	'2025-04-28 23:09:24.192426+07'),
(144,	4,	2,	34,	100491.15,	327.96,	100163.19,	1605233.27,	'2025-12-22 23:09:24.187159+07',	'PENDING',	0.00,	0.00,	0.00,	'2025-04-28 23:09:24.192579+07',	'2025-04-28 23:09:24.192579+07'),
(145,	4,	2,	35,	100491.15,	308.70,	100182.46,	1505050.82,	'2025-12-29 23:09:24.187159+07',	'PENDING',	0.00,	0.00,	0.00,	'2025-04-28 23:09:24.1927+07',	'2025-04-28 23:09:24.1927+07'),
(146,	4,	2,	36,	100491.15,	289.43,	100201.72,	1404849.10,	'2026-01-05 23:09:24.187159+07',	'PENDING',	0.00,	0.00,	0.00,	'2025-04-28 23:09:24.192861+07',	'2025-04-28 23:09:24.192861+07'),
(147,	4,	2,	37,	100491.15,	270.16,	100220.99,	1304628.11,	'2026-01-12 23:09:24.187159+07',	'PENDING',	0.00,	0.00,	0.00,	'2025-04-28 23:09:24.193045+07',	'2025-04-28 23:09:24.193045+07'),
(148,	4,	2,	38,	100491.15,	250.89,	100240.26,	1204387.84,	'2026-01-19 23:09:24.187159+07',	'PENDING',	0.00,	0.00,	0.00,	'2025-04-28 23:09:24.193173+07',	'2025-04-28 23:09:24.193173+07'),
(149,	4,	2,	39,	100491.15,	231.61,	100259.54,	1104128.30,	'2026-01-26 23:09:24.187159+07',	'PENDING',	0.00,	0.00,	0.00,	'2025-04-28 23:09:24.193263+07',	'2025-04-28 23:09:24.193263+07'),
(150,	4,	2,	40,	100491.15,	212.33,	100278.82,	1003849.48,	'2026-02-02 23:09:24.187159+07',	'PENDING',	0.00,	0.00,	0.00,	'2025-04-28 23:09:24.193406+07',	'2025-04-28 23:09:24.193406+07'),
(151,	4,	2,	41,	100491.15,	193.05,	100298.11,	903551.37,	'2026-02-09 23:09:24.187159+07',	'PENDING',	0.00,	0.00,	0.00,	'2025-04-28 23:09:24.193521+07',	'2025-04-28 23:09:24.193521+07'),
(152,	4,	2,	42,	100491.15,	173.76,	100317.39,	803233.98,	'2026-02-16 23:09:24.187159+07',	'PENDING',	0.00,	0.00,	0.00,	'2025-04-28 23:09:24.193648+07',	'2025-04-28 23:09:24.193649+07'),
(153,	4,	2,	43,	100491.15,	154.47,	100336.69,	702897.29,	'2026-02-23 23:09:24.187159+07',	'PENDING',	0.00,	0.00,	0.00,	'2025-04-28 23:09:24.193771+07',	'2025-04-28 23:09:24.193771+07'),
(154,	4,	2,	44,	100491.15,	135.17,	100355.98,	602541.31,	'2026-03-02 23:09:24.187159+07',	'PENDING',	0.00,	0.00,	0.00,	'2025-04-28 23:09:24.193872+07',	'2025-04-28 23:09:24.193872+07'),
(155,	4,	2,	45,	100491.15,	115.87,	100375.28,	502166.03,	'2026-03-09 23:09:24.187159+07',	'PENDING',	0.00,	0.00,	0.00,	'2025-04-28 23:09:24.193937+07',	'2025-04-28 23:09:24.193937+07'),
(156,	4,	2,	46,	100491.15,	96.57,	100394.58,	401771.44,	'2026-03-16 23:09:24.187159+07',	'PENDING',	0.00,	0.00,	0.00,	'2025-04-28 23:09:24.194038+07',	'2025-04-28 23:09:24.194038+07'),
(157,	4,	2,	47,	100491.15,	77.26,	100413.89,	301357.55,	'2026-03-23 23:09:24.187159+07',	'PENDING',	0.00,	0.00,	0.00,	'2025-04-28 23:09:24.194121+07',	'2025-04-28 23:09:24.194121+07'),
(158,	4,	2,	48,	100491.15,	57.95,	100433.20,	200924.35,	'2026-03-30 23:09:24.187159+07',	'PENDING',	0.00,	0.00,	0.00,	'2025-04-28 23:09:24.194196+07',	'2025-04-28 23:09:24.194196+07'),
(159,	4,	2,	49,	100491.15,	38.64,	100452.52,	100471.83,	'2026-04-06 23:09:24.187159+07',	'PENDING',	0.00,	0.00,	0.00,	'2025-04-28 23:09:24.194294+07',	'2025-04-28 23:09:24.194294+07'),
(160,	4,	2,	50,	100491.15,	19.32,	100471.83,	0.00,	'2026-04-13 23:09:24.187159+07',	'PENDING',	0.00,	0.00,	0.00,	'2025-04-28 23:09:24.194404+07',	'2025-04-28 23:09:24.194404+07');

DROP TABLE IF EXISTS "loans";
DROP SEQUENCE IF EXISTS loans_id_seq;
CREATE SEQUENCE loans_id_seq INCREMENT 1 MINVALUE 1 MAXVALUE 9223372036854775807 CACHE 1;

CREATE TABLE "public"."loans" (
    "id" bigint DEFAULT nextval('loans_id_seq') NOT NULL,
    "user_id" bigint NOT NULL,
    "pricing_id" bigint NOT NULL,
    "loan_code" character varying(255) NOT NULL,
    "loan_status" character varying(255) DEFAULT 'PENDING' NOT NULL,
    "loan_amount" numeric(20,2) NOT NULL,
    "loan_length" integer NOT NULL,
    "ntf_total" numeric(20,2),
    "admin_total" numeric(20,2),
    "created_at" timestamptz,
    "updated_at" timestamptz,
    CONSTRAINT "idx_loans_loan_code" UNIQUE ("loan_code"),
    CONSTRAINT "loans_pkey" PRIMARY KEY ("id")
) WITH (oids = false);

INSERT INTO "loans" ("id", "user_id", "pricing_id", "loan_code", "loan_status", "loan_amount", "loan_length", "ntf_total", "admin_total", "created_at", "updated_at") VALUES
(1,	1,	1,	'LOA-20250428-144',	'CLOSED',	5000000.00,	50,	5000000.00,	0.00,	'2025-04-28 21:45:15.799676+07',	'2025-04-28 21:45:15.799676+07'),
(2,	2,	1,	'LOA-20250428-143',	'CLOSED',	200000.00,	10,	200000.00,	0.00,	'2025-03-28 21:45:49.991773+07',	'2025-03-28 21:45:49.991773+07'),
(3,	2,	1,	'LOA-20250428-122',	'CLOSED',	5000000.00,	50,	5000000.00,	0.00,	'2025-04-28 23:03:09.346761+07',	'2025-04-28 23:03:09.346761+07'),
(4,	2,	1,	'LOA-20250428-558',	'ACTIVE',	5000000.00,	50,	5000000.00,	0.00,	'2025-04-28 23:09:24.186816+07',	'2025-04-28 23:09:24.186816+07');

DROP TABLE IF EXISTS "payments";
DROP SEQUENCE IF EXISTS payments_id_seq;
CREATE SEQUENCE payments_id_seq INCREMENT 1 MINVALUE 1 MAXVALUE 9223372036854775807 CACHE 1;

CREATE TABLE "public"."payments" (
    "id" bigint DEFAULT nextval('payments_id_seq') NOT NULL,
    "user_id" bigint NOT NULL,
    "loan_id" bigint NOT NULL,
    "payment_code" character varying(255) NOT NULL,
    "payment_amount" numeric(20,2) NOT NULL,
    "created_at" timestamptz,
    "updated_at" timestamptz,
    CONSTRAINT "idx_payments_payment_code" UNIQUE ("payment_code"),
    CONSTRAINT "payments_pkey" PRIMARY KEY ("id")
) WITH (oids = false);

INSERT INTO "payments" ("id", "user_id", "loan_id", "payment_code", "payment_amount", "created_at", "updated_at") VALUES
(1,	1,	1,	'PAY-20250428-712',	10000.00,	'2025-04-28 22:06:32.942304+07',	'2025-04-28 22:06:32.942304+07'),
(2,	2,	3,	'PAY-20250428-667',	1000000.00,	'2025-04-28 23:03:53.599708+07',	'2025-04-28 23:03:53.599708+07'),
(3,	2,	3,	'PAY-20250428-294',	-10000.00,	'2025-04-28 23:04:20.013518+07',	'2025-04-28 23:04:20.013518+07');

DROP TABLE IF EXISTS "pricings";
DROP SEQUENCE IF EXISTS pricings_id_seq;
CREATE SEQUENCE pricings_id_seq INCREMENT 1 MINVALUE 1 MAXVALUE 9223372036854775807 CACHE 1;

CREATE TABLE "public"."pricings" (
    "id" bigint DEFAULT nextval('pricings_id_seq') NOT NULL,
    "interest_rate" numeric(20,2),
    "admin_rate" numeric(20,2),
    "created_at" timestamptz,
    "updated_at" timestamptz,
    CONSTRAINT "pricings_pkey" PRIMARY KEY ("id")
) WITH (oids = false);

INSERT INTO "pricings" ("id", "interest_rate", "admin_rate", "created_at", "updated_at") VALUES
(1,	1.00,	0.00,	'2025-04-28 21:44:59.423275+07',	'2025-04-28 21:44:59.423276+07'),
(3,	1.00,	1.00,	'2025-04-28 23:04:37.165824+07',	'2025-04-28 23:04:37.165824+07');

DROP TABLE IF EXISTS "users";
DROP SEQUENCE IF EXISTS users_id_seq;
CREATE SEQUENCE users_id_seq INCREMENT 1 MINVALUE 1 MAXVALUE 9223372036854775807 CACHE 1;

CREATE TABLE "public"."users" (
    "id" bigint DEFAULT nextval('users_id_seq') NOT NULL,
    "full_name" character varying(255),
    "email_address" character varying(255),
    "password_hash" character varying(255),
    "password_salt" character varying(255),
    "created_at" timestamptz,
    "updated_at" timestamptz,
    CONSTRAINT "idx_users_email_address" UNIQUE ("email_address"),
    CONSTRAINT "users_pkey" PRIMARY KEY ("id")
) WITH (oids = false);

INSERT INTO "users" ("id", "full_name", "email_address", "password_hash", "password_salt", "created_at", "updated_at") VALUES
(1,	'NORMAL USER',	'normal@gmail.com',	'77667a712f8b926bdad777de501b097058c4a92a2c4b5eec8269b3211a226a8e',	'd2e09424f82a01a5782a91ef9d1330f5',	'2025-04-28 21:43:07.389337+07',	'2025-04-28 21:43:07.389337+07'),
(2,	'DELINQUENT USER',	'delinquent@gmail.com',	'2f21831960ee6cd58de328918e9ea44c61178b0420455141bf657d694e56e001',	'bd3007517213e1aae263b3ffe9ee8060',	'2025-04-28 21:44:10.160953+07',	'2025-04-28 21:44:10.160953+07'),
(3,	'FRAMMA AKBAR',	'framma@gmail.com',	'360489a439d2f8efe6a986e98074ca451ae96160a103ccd81a558a273c215b68',	'11610b81404b00177e85d44805be555b',	'2025-04-28 22:55:55.678204+07',	'2025-04-28 22:55:55.678204+07');

ALTER TABLE ONLY "public"."loans" ADD CONSTRAINT "fk_loans_pricing" FOREIGN KEY (pricing_id) REFERENCES pricings(id) NOT DEFERRABLE;
ALTER TABLE ONLY "public"."loans" ADD CONSTRAINT "fk_loans_user" FOREIGN KEY (user_id) REFERENCES users(id) NOT DEFERRABLE;

-- 2025-04-28 23:29:43.800082+07
